landing	/Users/prateekdevashetti/Desktop/Screenshot 2026-10-05 at 2.03.15 PM.png	qa/shots/landing.png
home	/Users/prateekdevashetti/Desktop/Screenshot 2026-10-05 at 2.03.27 PM.png	qa/shots/home.png
home_mcp	/Users/prateekdevashetti/Desktop/Screenshot 2026-10-05 at 2.03.30 PM.png	qa/shots/home_mcp.png
extract	/Users/prateekdevashetti/Desktop/Screenshot 2026-10-05 at 2.03.38 PM.png	qa/shots/extract.png
history	/Users/prateekdevashetti/Desktop/Screenshot 2026-10-05 at 2.04.26 PM.png	qa/shots/history.png
history_search	/Users/prateekdevashetti/Desktop/Screenshot 2026-10-05 at 2.04.35 PM.png	qa/shots/history_search.png
history_adh	/Users/prateekdevashetti/Desktop/Screenshot 2026-10-05 at 2.04.38 PM.png	qa/shots/history_adh.png
overview	/Users/prateekdevashetti/Desktop/Screenshot 2026-10-05 at 2.05.04 PM.png	qa/shots/overview.png
identity	/Users/prateekdevashetti/Desktop/Screenshot 2026-10-05 at 2.05.16 PM.png	qa/shots/identity.png
colours	/Users/prateekdevashetti/Desktop/Screenshot 2026-10-05 at 2.05.20 PM.png	qa/shots/colours.png
typography	/Users/prateekdevashetti/Desktop/Screenshot 2026-10-05 at 2.05.27 PM.png	qa/shots/typography.png
surfaces	/Users/prateekdevashetti/Desktop/Screenshot 2026-10-05 at 2.05.29 PM.png	qa/shots/surfaces.png
layout	/Users/prateekdevashetti/Desktop/Screenshot 2026-10-05 at 2.05.39 PM.png	qa/shots/layout.png
interactions	/Users/prateekdevashetti/Desktop/Screenshot 2026-10-05 at 2.05.52 PM.png	qa/shots/interactions.png
structure	/Users/prateekdevashetti/Desktop/Screenshot 2026-10-05 at 2.06.00 PM.png	qa/shots/structure.png
motion	/Users/prateekdevashetti/Desktop/Screenshot 2026-10-05 at 2.06.05 PM.png	qa/shots/motion.png
navigation	/Users/prateekdevashetti/Desktop/Screenshot 2026-10-05 at 2.06.10 PM.png	qa/shots/navigation.png
sections	/Users/prateekdevashetti/Desktop/Screenshot 2026-10-05 at 2.06.15 PM.png	qa/shots/sections.png
media	/Users/prateekdevashetti/Desktop/Screenshot 2026-10-05 at 2.06.18 PM.png	qa/shots/media.png
usage	/Users/prateekdevashetti/Desktop/Screenshot 2026-10-05 at 2.06.39 PM.png	qa/shots/usage.png
billing	/Users/prateekdevashetti/Desktop/Screenshot 2026-10-05 at 2.07.00 PM.png	qa/shots/billing.png
profile	/Users/prateekdevashetti/Desktop/Screenshot 2026-10-05 at 2.07.03 PM.png	qa/shots/profile.png
search	/Users/prateekdevashetti/Desktop/Screenshot 2026-10-05 at 2.07.27 PM.png	qa/shots/search.png
search_results	/Users/prateekdevashetti/Desktop/Screenshot 2026-10-05 at 2.07.40 PM.png	qa/shots/search_results.png
style_detail	/Users/prateekdevashetti/Desktop/Screenshot 2026-10-05 at 2.07.46 PM.png	qa/shots/style_detail.png
adherence_form	/Users/prateekdevashetti/Desktop/Screenshot 2026-10-05 at 2.07.54 PM.png	qa/shots/adherence_form.png
adherence_run	/Users/prateekdevashetti/Desktop/Screenshot 2026-10-05 at 2.08.10 PM.png	qa/shots/adherence_run.png
